Workbook
Name New_Input: 'Input Table'!$A$1:$Q$7

Sheet Input Table
A1: Rack Position | B1: Anode Type | C1: Cathode Type | D1: Bottom Electrode | E1: N:P Ratio Target | F1: N:P Ratio Minimum | G1: N:P Ratio Maximum | H1: Separator Type | I1: Electrolyte Position | J1: Electrolyte Name | K1: Electrolyte Amount Before Separator (uL) | L1: Electrolyte Amount After Separator (uL) | M1: Casing Type | N1: Bottom Spacer Type | O1: Top Spacer Type | P1: Batch Number | Q1: Comments
A2: 1 | B2: Anode1 | C2: Cathode1 | D2: Anode | E2: 1.1 | F2: 1 | G2: 1.2 | H2: Celgard 2320 | I2: 1 | J2: =VLOOKUP(I2,'Electrolyte Properties'!$A$3:$B$13,2,0) -> Electrolyte1 | K2: 15 | L2: 15 | M2: CR2032 | N2: SUS5 | O2: SUS10 | P2: 1
A3: 2 | B3: Anode1 | C3: Cathode1 | D3: Anode | E3: 1.1 | F3: 1 | G3: 1.2 | H3: Celgard 2320 | I3: 1 | J3: =VLOOKUP(I3,'Electrolyte Properties'!$A$3:$B$13,2,0) -> Electrolyte1 | K3: 15 | L3: 15 | M3: CR2032 | N3: SUS5 | O3: SUS10 | P3: 1
A4: 3 | B4: Anode1 | C4: Cathode1 | D4: Anode | E4: 1.1 | F4: 1 | G4: 1.2 | H4: Celgard 2320 | I4: 1 | J4: =VLOOKUP(I4,'Electrolyte Properties'!$A$3:$B$13,2,0) -> Electrolyte1 | K4: 15 | L4: 15 | M4: CR2032 | N4: SUS5 | O4: SUS10 | P4: 1
A5: 4 | B5: Anode1 | C5: Cathode1 | D5: Anode | E5: 1.1 | F5: 1 | G5: 1.2 | H5: Celgard 2320 | I5: 1 | J5: =VLOOKUP(I5,'Electrolyte Properties'!$A$3:$B$13,2,0) -> Electrolyte1 | K5: 15 | L5: 15 | M5: CR2032 | N5: SUS5 | O5: SUS10 | P5: 1
A6: 5 | B6: Anode1 | C6: Cathode1 | D6: Anode | E6: 1.1 | F6: 1 | G6: 1.2 | H6: Celgard 2320 | I6: 1 | J6: =VLOOKUP(I6,'Electrolyte Properties'!$A$3:$B$13,2,0) -> Electrolyte1 | K6: 15 | L6: 15 | M6: CR2032 | N6: SUS5 | O6: SUS10 | P6: 1
A7: 6 | B7: Anode1 | C7: Cathode1 | D7: Anode | E7: 1.1 | F7: 1 | G7: 1.2 | H7: Celgard 2320 | I7: 2 | J7: =VLOOKUP(I7,'Electrolyte Properties'!$A$3:$B$13,2,0) -> Electrolyte2 | K7: 15 | L7: 15 | M7: CR2032 | N7: SUS5 | O7: SUS10 | P7: 1
A8: 7 | B8: Anode1 | C8: Cathode1 | D8: Anode | E8: 1.1 | F8: 1 | G8: 1.2 | H8: Celgard 2320 | I8: 2 | J8: =VLOOKUP(I8,'Electrolyte Properties'!$A$3:$B$13,2,0) -> Electrolyte2 | K8: 15 | L8: 15 | M8: CR2032 | N8: SUS5 | O8: SUS10 | P8: 1
A9: 8 | B9: Anode1 | C9: Cathode1 | D9: Anode | E9: 1.1 | F9: 1 | G9: 1.2 | H9: Celgard 2320 | I9: 2 | J9: =VLOOKUP(I9,'Electrolyte Properties'!$A$3:$B$13,2,0) -> Electrolyte2 | K9: 15 | L9: 15 | M9: CR2032 | N9: SUS5 | O9: SUS10 | P9: 1
A10: 9 | B10: Anode1 | C10: Cathode1 | D10: Anode | E10: 1.1 | F10: 1 | G10: 1.2 | H10: Celgard 2320 | I10: 2 | J10: =VLOOKUP(I10,'Electrolyte Properties'!$A$3:$B$13,2,0) -> Electrolyte2 | K10: 15 | L10: 15 | M10: CR2032 | N10: SUS5 | O10: SUS10 | P10: 1
A11: 10 | B11: Anode2 | C11: Cathode1 | D11: Anode | E11: 1.1 | F11: 1 | G11: 1.2 | H11: Celgard 2320 | I11: 2 | J11: =VLOOKUP(I11,'Electrolyte Properties'!$A$3:$B$13,2,0) -> Electrolyte2 | K11: 15 | L11: 15 | M11: CR2032 | N11: SUS5 | O11: SUS10 | P11: 2
A12: 11 | B12: Anode2 | C12: Cathode1 | D12: Anode | E12: 1.1 | F12: 1 | G12: 1.2 | H12: Celgard 2320 | I12: 2 | J12: =VLOOKUP(I12,'Electrolyte Properties'!$A$3:$B$13,2,0) -> Electrolyte2 | K12: 15 | L12: 15 | M12: CR2032 | N12: SUS5 | O12: SUS10 | P12: 2
A13: 12 | B13: Anode2 | C13: Cathode1 | D13: Anode | E13: 1.1 | F13: 1 | G13: 1.2 | H13: Celgard 2320 | I13: 2 | J13: =VLOOKUP(I13,'Electrolyte Properties'!$A$3:$B$13,2,0) -> Electrolyte2 | K13: 15 | L13: 15 | M13: CR2032 | N13: SUS5 | O13: SUS10 | P13: 2
... A25: 24 | B25: Anode2 | C25: Cathode2 | D25: Anode | E25: 1.1 | F25: 1 | G25: 1.2 | H25: Celgard 2320 | I25: 4 | J25: =VLOOKUP(I25,'Electrolyte Properties'!$A$3:$B$13,2,0) -> Electrolyte4 | K25: 15 | L25: 15 | M25: CR2032 | N25: SUS5 | O25: SUS10 | P25: 3
A26: 25 | J26: =VLOOKUP(I26,'Electrolyte Properties'!$A$3:$B$13,2,0) -> #N/A
A27: 26 | J27: =VLOOKUP(I27,'Electrolyte Properties'!$A$3:$B$13,2,0) -> #N/A
A28: 27 | J28: =VLOOKUP(I28,'Electrolyte Properties'!$A$3:$B$13,2,0) -> #N/A
A29: 28 | J29: =VLOOKUP(I29,'Electrolyte Properties'!$A$3:$B$13,2,0) -> #N/A
A30: 29 | J30: =VLOOKUP(I30,'Electrolyte Properties'!$A$3:$B$13,2,0) -> #N/A
A31: 30 | J31: =VLOOKUP(I31,'Electrolyte Properties'!$A$3:$B$13,2,0) -> #N/A
A32: 31 | J32: =VLOOKUP(I32,'Electrolyte Properties'!$A$3:$B$13,2,0) -> #N/A
A33: 32 | J33: =VLOOKUP(I33,'Electrolyte Properties'!$A$3:$B$13,2,0) -> #N/A
A34: 33 | J34: =VLOOKUP(I34,'Electrolyte Properties'!$A$3:$B$13,2,0) -> #N/A
A35: 34 | J35: =VLOOKUP(I35,'Electrolyte Properties'!$A$3:$B$13,2,0) -> #N/A
A36: 35 | J36: =VLOOKUP(I36,'Electrolyte Properties'!$A$3:$B$13,2,0) -> #N/A
A37: 36 | J37: =VLOOKUP(I37,'Electrolyte Properties'!$A$3:$B$13,2,0) -> #N/A

Sheet Electrolyte Properties
D1: Electrolyte position mixing ratios
A2: Electrolyte Position | B2: Name | C2: Description | D2: Mix 1 | E2: Mix 2 | F2: Mix 3 | G2: Mix 4 | H2: Mix 5 | I2: Mix 6 | J2: Mix 7 | K2: Mix 8 | L2: Mix 9 | M2: Mix 10 | N2: Mix 11
A3: 1 | B3: Electrolyte1
A4: 2 | B4: Electrolyte2
A5: 3 | B5: Electrolyte3 | D5: 1 | E5: 1
A6: 4 | B6: Electrolyte4 | D6: 3 | E6: 1 | F6: 1
A7: 5
A8: 6
A9: 7
A10: 8
A11: 9
A12: 10
A13: 11

Sheet Component Properties
A1: Anode Type | B1: Anode Description | C1: Anode Diameter (mm) | D1: Anode Current Collector Mass (mg) | E1: Anode Active Material Mass Fraction | F1: Anode Balancing Specific Capacity (mAh/g) | G1: Anode C-rate Definition Areal Capacity (mAh/cm2) | H1: Anode C-rate Definition Specific Capacity (mAh/g) | I1: Cathode Type | J1: Cathode Description | K1: Cathode Diameter (mm) | L1: Cathode Current Collector Mass (mg) | M1: Cathode Active Material Mass Fraction | N1: Cathode Balancing Specific Capacity (mAh/g) | O1: Cathode C-rate Definition Areal Capacity (mAh/cm2) | P1: Cathode C-rate Definition Specific Capacity (mAh/g) | Q1: Spacer Type | R1: Spacer Diameter (mm) | S1: Spacer Thickness (mm) | T1: Spacer Material | U1: Separator Type | V1: Separator Diameter (mm) | W1: Separator Thickness (mm) | X1: Casing Type | Y1: Casing Material
A2: Anode1 | B2: Some anode | C2: 15 | D2: 15 | E2: 0.95 | F2: 350 | G2: 1.2 | H2: 350 | I2: Cathode1 | J2: Some cathode | K2: 14 | L2: 6.25 | M2: 0.955 | N2: 160 | O2: 1 | P2: 160 | Q2: SUS5 | R2: 16 | S2: 0.5 | T2: Stainless steel | U2: Whatman | V2: 16 | W2: 0.68 | X2: R2032 | Y2: Stainless steel
A3: Anode2 | B3: Some other anode | C3: 12 | D3: 10 | E3: 0.98 | F3: 650 | G3: 2.4 | H3: 650 | I3: Cathode2 | J3: Some other cathode | K3: 11 | L3: 4 | M3: 0.96 | N3: 160 | O3: 0.88 | P3: 160 | Q3: SUS10 | R3: 16 | S3: 1 | T3: Stainless steel | U3: Celgard | V3: 16 | W3: 0.025 | X3: Al-R2032 | Y3: Aluminium coated stainless steel
Q4: SUS15 | R4: 16 | S4: 1.5 | T4: Stainless steel | U4: Celgard 2320 | V4: 16 | W4: 0.02
